{
  "summary": {
    "max_divergence_layer": 31,
    "max_divergence_value": 0.12744140625,
    "layer_25_divergence": 0.0166015625,
    "critical_transition_layers": [],
    "total_information_divergence": 0.0035400390625
  },
  "layer_analysis": {
    "layer_20": {
      "layer": 20,
      "neuron_indices": [
        788,
        1384,
        4062,
        4055,
        291,
        290,
        1168,
        1815,
        2303,
        2943,
        2613,
        2660,
        1869,
        682,
        3266,
        2932,
        3070,
        1731,
        444,
        3516
      ],
      "difference_values": [
        4.859375,
        4.015625,
        3.9296875,
        1.12109375,
        0.4384765625,
        0.35009765625,
        0.33251953125,
        0.302001953125,
        0.291015625,
        0.2626953125,
        0.25439453125,
        0.24853515625,
        0.248046875,
        0.2396240234375,
        0.23876953125,
        0.2265625,
        0.205078125,
        0.2041015625,
        0.2000732421875,
        0.199951171875
      ],
      "correct_stronger": [
        788,
        291,
        2303,
        2943,
        2613,
        682,
        3266,
        2932,
        1731
      ],
      "incorrect_stronger": [
        1384,
        4062,
        4055,
        290,
        1168,
        1815,
        2660,
        1869,
        3070,
        444,
        3516
      ]
    },
    "layer_23": {
      "layer": 23,
      "neuron_indices": [
        788,
        1384,
        4062,
        4055,
        291,
        2352,
        1168,
        1815,
        2613,
        1869,
        2660,
        2303,
        290,
        667,
        2943,
        682,
        325,
        1731,
        3266,
        709
      ],
      "difference_values": [
        4.96875,
        4.0546875,
        3.9140625,
        0.9091796875,
        0.48828125,
        0.46875,
        0.39599609375,
        0.368896484375,
        0.363525390625,
        0.337890625,
        0.32470703125,
        0.31884765625,
        0.28369140625,
        0.270751953125,
        0.269287109375,
        0.266845703125,
        0.24560546875,
        0.241943359375,
        0.23828125,
        0.23095703125
      ],
      "correct_stronger": [
        788,
        291,
        2352,
        2613,
        2303,
        2943,
        682,
        325,
        1731,
        3266,
        709
      ],
      "incorrect_stronger": [
        1384,
        4062,
        4055,
        1168,
        1815,
        1869,
        2660,
        290,
        667
      ]
    },
    "layer_24": {
      "layer": 24,
      "neuron_indices": [
        788,
        1384,
        4062,
        4055,
        291,
        2352,
        2613,
        1168,
        1815,
        1869,
        2660,
        2303,
        667,
        290,
        2943,
        325,
        682,
        1731,
        2088,
        458
      ],
      "difference_values": [
        4.96875,
        4.0390625,
        3.890625,
        0.9033203125,
        0.481689453125,
        0.421875,
        0.40869140625,
        0.4072265625,
        0.361328125,
        0.35546875,
        0.333740234375,
        0.328857421875,
        0.2978515625,
        0.294921875,
        0.27001953125,
        0.266845703125,
        0.261962890625,
        0.2548828125,
        0.244140625,
        0.2440185546875
      ],
      "correct_stronger": [
        788,
        291,
        2352,
        2613,
        2303,
        2943,
        325,
        682,
        1731,
        458
      ],
      "incorrect_stronger": [
        1384,
        4062,
        4055,
        1168,
        1815,
        1869,
        2660,
        667,
        290,
        2088
      ]
    },
    "layer_25": {
      "layer": 25,
      "neuron_indices": [
        788,
        1384,
        4062,
        4055,
        291,
        2352,
        2613,
        1168,
        1869,
        2660,
        1815,
        2303,
        667,
        2088,
        682,
        2932,
        458,
        325,
        297,
        2943
      ],
      "difference_values": [
        5.0,
        4.0390625,
        3.8828125,
        0.8681640625,
        0.55126953125,
        0.53125,
        0.440673828125,
        0.4013671875,
        0.38134765625,
        0.371826171875,
        0.34326171875,
        0.33251953125,
        0.32958984375,
        0.302734375,
        0.297607421875,
        0.2890625,
        0.281982421875,
        0.281982421875,
        0.2705078125,
        0.263671875
      ],
      "correct_stronger": [
        788,
        291,
        2352,
        2613,
        2303,
        682,
        2932,
        458,
        325,
        297,
        2943
      ],
      "incorrect_stronger": [
        1384,
        4062,
        4055,
        1168,
        1869,
        2660,
        1815,
        667,
        2088
      ]
    },
    "layer_26": {
      "layer": 26,
      "neuron_indices": [
        788,
        1384,
        4062,
        4055,
        291,
        2613,
        1869,
        2660,
        1168,
        1815,
        2303,
        2932,
        2088,
        667,
        682,
        2352,
        297,
        458,
        761,
        290
      ],
      "difference_values": [
        5.015625,
        4.0546875,
        3.8828125,
        0.8154296875,
        0.5693359375,
        0.50390625,
        0.41015625,
        0.40966796875,
        0.388916015625,
        0.368896484375,
        0.353515625,
        0.3271484375,
        0.32421875,
        0.321044921875,
        0.309326171875,
        0.3046875,
        0.30078125,
        0.299560546875,
        0.29931640625,
        0.2919921875
      ],
      "correct_stronger": [
        788,
        291,
        2613,
        2303,
        2932,
        682,
        2352,
        297,
        458
      ],
      "incorrect_stronger": [
        1384,
        4062,
        4055,
        1869,
        2660,
        1168,
        1815,
        2088,
        667,
        761,
        290
      ]
    },
    "layer_27": {
      "layer": 27,
      "neuron_indices": [
        788,
        1384,
        4062,
        4055,
        291,
        2613,
        2352,
        1168,
        2660,
        1869,
        1815,
        2303,
        2088,
        2932,
        682,
        667,
        458,
        297,
        766,
        3477
      ],
      "difference_values": [
        5.015625,
        4.046875,
        3.90625,
        0.728515625,
        0.5732421875,
        0.53466796875,
        0.46875,
        0.436767578125,
        0.4287109375,
        0.396484375,
        0.374755859375,
        0.366455078125,
        0.33984375,
        0.3310546875,
        0.32861328125,
        0.3251953125,
        0.318603515625,
        0.31591796875,
        0.2998046875,
        0.2958984375
      ],
      "correct_stronger": [
        788,
        291,
        2613,
        2352,
        2303,
        2932,
        682,
        458,
        297,
        766,
        3477
      ],
      "incorrect_stronger": [
        1384,
        4062,
        4055,
        1168,
        2660,
        1869,
        1815,
        2088,
        667
      ]
    },
    "layer_28": {
      "layer": 28,
      "neuron_indices": [
        788,
        1384,
        4062,
        4055,
        291,
        2613,
        2352,
        1168,
        1869,
        2660,
        761,
        458,
        2303,
        297,
        682,
        667,
        2088,
        2943,
        1815,
        979
      ],