{
  "timestamp": "2025-09-26T17:16:28.293161",
  "model": "meta-llama/Meta-Llama-3.1-8B-Instruct",
  "layer": 10,
  "n_trials": 50,
  "test_patterns": {
    "distributed_coverage": [
      0,
      4,
      8,
      12,
      16,
      20,
      24,
      28
    ],
    "clustered_even": [
      0,
      2,
      4,
      6,
      8,
      10,
      12,
      14
    ],
    "minimal_distributed": [
      0,
      8,
      16,
      24
    ],
    "dense_coverage": [
      0,
      1,
      2,
      3,
      4,
      5,
      6,
      7
    ],
    "heads_4_optimal": [
      0,
      8,
      16,
      24
    ],
    "heads_6_optimal": [
      0,
      5,
      11,
      16,
      21,
      27
    ],
    "heads_8_optimal": [
      0,
      4,
      8,
      12,
      16,
      20,
      24,
      28
    ],
    "heads_12_optimal": [
      0,
      2,
      5,
      8,
      11,
      14,
      17,
      20,
      23,
      26,
      29,
      31
    ],
    "irregular_spacing": [
      0,
      1,
      5,
      12,
      14,
      18,
      26,
      30
    ],
    "regular_spacing_alt": [
      1,
      5,
      9,
      13,
      17,
      21,
      25,
      29
    ],
    "known_working_even_1": [
      2,
      4,
      6,
      8,
      10,
      12,
      14,
      16
    ],
    "known_working_even_2": [
      16,
      18,
      20,
      22,
      24,
      26,
      28,
      30
    ],
    "random_8_heads": [
      1,
      3,
      7,
      11,
      15,
      19,
      23,
      29
    ],
    "all_even_heads": [
      0,
      2,
      4,
      6,
      8,
      10,
      12,
      14,
      16,
      18,
      20,
      22,
      24,
      26,
      28,
      30
    ],
    "all_odd_heads": [
      1,
      3,
      5,
      7,
      9,
      11,
      13,
      15,
      17,
      19,
      21,
      23,
      25,
      27,
      29,
      31
    ]
  },
  "pattern_results": {
    "distributed_coverage": {
      "success_rate": 1.0,
      "success_count": 50,
      "n_trials": 50,
      "ci_lower": 1.0,
      "ci_upper": 1,
      "time_seconds": 23.82433295249939,
      "head_indices": [
        0,
        4,
        8,
        12,
        16,
        20,
        24,
        28
      ],
      "coverage_metrics": {
        "coverage_efficiency": 0.25,
        "mean_gap": 4.0,
        "gap_variance": 0.0,
        "gap_regularity": 1,
        "gap_deviation": 0.0,
        "span": 28,
        "span_efficiency": 0.9032258064516129
      },
      "sample_outputs": [
        "9.8 is bigger than 9.11.\nExplanation: 9.8 is bigger",
        "9.8 is bigger than 9.11.\nExplanation: 9.8 is bigger",
        "9.8 is bigger than 9.11.\nExplanation: 9.8 is bigger"
      ]
    },
    "clustered_even": {
      "success_rate": 1.0,
      "success_count": 50,
      "n_trials": 50,
      "ci_lower": 1.0,
      "ci_upper": 1,
      "time_seconds": 24.025702953338623,
      "head_indices": [
        0,
        2,
        4,
        6,
        8,
        10,
        12,
        14
      ],
      "coverage_metrics": {
        "coverage_efficiency": 0.25,
        "mean_gap": 2.0,
        "gap_variance": 0.0,
        "gap_regularity": 1,
        "gap_deviation": 2.0,
        "span": 14,
        "span_efficiency": 0.45161290322580644
      },
      "sample_outputs": [
        "9.8 is bigger than 9.11.\nExplanation: 9.8 is bigger",
        "9.8 is bigger than 9.11.\nExplanation: 9.8 is bigger",
        "9.8 is bigger than 9.11.\nExplanation: 9.8 is bigger"
      ]
    },
    "minimal_distributed": {
      "success_rate": 0.0,
      "success_count": 0,
      "n_trials": 50,
      "ci_lower": 0,
      "ci_upper": 0.0,
      "time_seconds": 23.89690637588501,
      "head_indices": [
        0,
        8,
        16,
        24
      ],
      "coverage_metrics": {
        "coverage_efficiency": 0.125,
        "mean_gap": 8.0,
        "gap_variance": 0.0,
        "gap_regularity": 1,
        "gap_deviation": 0.0,
        "span": 24,
        "span_efficiency": 0.7741935483870968
      },
      "sample_outputs": [
        "9.11 is bigger than 9.8.\nQ: Which is bigger: 9",
        "9.11 is bigger than 9.8.\nQ: Which is bigger: 9",
        "9.11 is bigger than 9.8.\nQ: Which is bigger: 9"
      ]
    },
    "dense_coverage": {
      "success_rate": 0.0,
      "success_count": 0,
      "n_trials": 50,
      "ci_lower": 0,
      "ci_upper": 0.0,
      "time_seconds": 23.88778519630432,
      "head_indices": [
        0,
        1,
        2,
        3,
        4,
        5,
        6,
        7
      ],
      "coverage_metrics": {
        "coverage_efficiency": 0.25,
        "mean_gap": 1.0,
        "gap_variance": 0.0,
        "gap_regularity": 1,
        "gap_deviation": 3.0,
        "span": 7,
        "span_efficiency": 0.22580645161290322
      },
      "sample_outputs": [
        "9.11 is bigger than 9.8.\nQ: Which is bigger: 9",
        "9.11 is bigger than 9.8.\nQ: Which is bigger: 9",
        "9.11 is bigger than 9.8.\nQ: Which is bigger: 9"
      ]
    },
    "heads_4_optimal": {
      "success_rate": 0.0,
      "success_count": 0,
      "n_trials": 50,
      "ci_lower": 0,
      "ci_upper": 0.0,
      "time_seconds": 23.717571258544922,
      "head_indices": [
        0,
        8,
        16,
        24
      ],
      "coverage_metrics": {
        "coverage_efficiency": 0.125,
        "mean_gap": 8.0,
        "gap_variance": 0.0,
        "gap_regularity": 1,
        "gap_deviation": 0.0,
        "span": 24,
        "span_efficiency": 0.7741935483870968
      },
      "sample_outputs": [
        "9.11 is bigger than 9.8.\nQ: Which is bigger: 9",
        "9.11 is bigger than 9.8.\nQ: Which is bigger: 9",
        "9.11 is bigger than 9.8.\nQ: Which is bigger: 9"
      ]
    },
    "heads_6_optimal": {
      "success_rate": 0.0,
      "success_count": 0,
      "n_trials": 50,
      "ci_lower": 0,
      "ci_upper": 0.0,
      "time_seconds": 23.833162784576416,
      "head_indices": [
        0,
        5,
        11,
        16,
        21,
        27
      ],
      "coverage_metrics": {
        "coverage_efficiency": 0.1875,
        "mean_gap": 5.4,
        "gap_variance": 0.24,
        "gap_regularity": 0.8064516129032259,
        "gap_deviation": 0.4666666666666666,
        "span": 27,
        "span_efficiency": 0.8709677419354839
      },
      "sample_outputs": [
        "9.11 is bigger than 9.8.\nQ: Which is bigger: 9",
        "9.11 is bigger than 9.8.\nQ: Which is bigger: 9",
        "9.11 is bigger than 9.8.\nQ: Which is bigger: 9"
      ]
    },
    "heads_8_optimal": {
      "success_rate": 1.0,
      "success_count": 50,
      "n_trials": 50,
      "ci_lower": 1.0,
      "ci_upper": 1,
      "time_seconds": 24.15705442428589,
      "head_indices": [
        0,
        4,
        8,
        12,
        16,
        20,
        24,
        28
      ],
      "coverage_metrics": {
        "coverage_efficiency": 0.25,
        "mean_gap": 4.0,
        "gap_variance": 0.0,
        "gap_regularity": 1,
        "gap_deviation": 0.0,
        "span": 28,
        "span_efficiency": 0.9032258064516129
      },
      "sample_outputs": [
        "9.8 is bigger than 9.11.\nExplanation: 9.8 is bigger",
        "9.8 is bigger than 9.11.\nExplanation: 9.8 is bigger",
        "9.8 is bigger than 9.11.\nExplanation: 9.8 is bigger"
      ]
    },
    "heads_12_optimal": {
      "success_rate": 0.0,
      "success_count": 0,
      "n_trials": 50,
      "ci_lower": 0,
      "ci_upper": 0.0,
      "time_seconds": 23.94988250732422,
      "head_indices": [
        0,
        2,
        5,
        8,
        11,
        14,
        17,
        20,
        23,
        26,
        29,
        31
      ],
      "coverage_metrics": {
        "coverage_efficiency": 0.375,
        "mean_gap": 2.8181818181818183,
        "gap_variance": 0.14876033057851237,
        "gap_regularity": 0.8705035971223022,
        "gap_deviation": 0.393939393939394,
        "span": 31,