{
  "head_importance": {
    "format_importances": {
      "simple": {
        "layer_8": [
          0.0,
          0.0363056460369164,
          0.06789495114006515,
          0.09928067318132465,
          0.13117535287730728,
          0.16327361563517914,
          0.1961183496199783,
          0.2276058631921824,
          0.26004343105320304,
          0.2923452768729642,
          0.3246471226927253,
          0.3574918566775244,
          0.38897937024972856,
          0.4215526601520087,
          0.4538545059717698,
          0.48642779587404994,
          0.5181867535287731,
          0.5502171552660152,
          0.5825190010857764,
          0.6145494028230185,
          0.6465798045602605,
          0.6791530944625407,
          0.7111834961997828,
          0.743756786102063,
          0.7763300760043431,
          0.8078175895765473,
          0.8403908794788274,
          0.8718783930510315,
          0.9044516829533116,
          0.9353963083604777,
          0.9674267100977199,
          1.0
        ],
        "layer_9": [
          0.0,
          0.036407470703125,
          0.0677490234375,
          0.0994873046875,
          0.1314697265625,
          0.163818359375,
          0.1962890625,
          0.2283935546875,
          0.260498046875,
          0.29296875,
          0.325439453125,
          0.357666015625,
          0.389404296875,
          0.421875,
          0.4541015625,
          0.486572265625,
          0.51904296875,
          0.55078125,
          0.5830078125,
          0.615234375,
          0.6474609375,
          0.6796875,
          0.71142578125,
          0.74365234375,
          0.77587890625,
          0.80810546875,
          0.83984375,
          0.8720703125,
          0.90380859375,
          0.93603515625,
          0.96728515625,
          1.0
        ],
        "layer_10": [
          0.0,
          0.03574167397020158,
          0.06688212094653813,
          0.0985977212971078,
          0.13025854513584575,
          0.1633435582822086,
          0.1953330411919369,
          0.22743207712532865,
          0.2600788781770377,
          0.292068361086766,
          0.3240578439964943,
          0.35692375109553026,
          0.38913234005258546,
          0.42134092900964065,
          0.45311130587204207,
          0.4855390008764242,
          0.5184049079754601,
          0.5499561787905346,
          0.5823838737949167,
          0.6139351446099912,
          0.6463628396143734,
          0.6792287467134093,
          0.7107800175284837,
          0.7432077125328659,
          0.775635407537248,
          0.8071866783523225,
          0.8391761612620509,
          0.871603856266433,
          0.9035933391761612,
          0.9360210341805434,
          0.9675723049956179,
          1.0
        ],
        "layer_11": [
          0.0,
          0.03707136237256719,
          0.06788693234476367,
          0.09905004633920296,
          0.13137164040778498,
          0.16357738646895273,
          0.19578313253012047,
          0.2281047265987025,
          0.25996292863762743,
          0.29240037071362374,
          0.32483781278962004,
          0.3565801668211307,
          0.38924930491195553,
          0.42145505097312325,
          0.453660797034291,
          0.4860982391102873,
          0.5180722891566265,
          0.5500463392029658,
          0.582483781278962,
          0.6149212233549582,
          0.6468952734012975,
          0.6788693234476367,
          0.7108433734939759,
          0.7428174235403151,
          0.7752548656163114,
          0.8076923076923077,
          0.8396663577386468,
          0.871177015755329,
          0.9031510658016683,
          0.9360518999073216,
          0.9675625579240037,
          1.0
        ],
        "layer_12": [
          0.0,
          0.0363578971533517,
          0.06714876033057851,
          0.09923094582185492,
          0.13119834710743802,
          0.16402662993572084,
          0.19811753902662993,
          0.2295684113865932,
          0.26193755739210284,
          0.2938475665748393,
          0.32598714416896235,
          0.358356290174472,
          0.3907254361799816,
          0.4230945821854913,
          0.45500459136822774,
          0.4871441689623508,
          0.5192837465564738,
          0.55188246097337,
          0.5840220385674931,
          0.6157024793388429,
          0.6483011937557392,
          0.6804407713498623,
          0.7125803489439853,
          0.7447199265381084,
          0.7759412304866851,
          0.8089990817263545,
          0.8406795224977043,
          0.8728191000918274,
          0.9044995408631772,
          0.9370982552800735,
          0.9687786960514233,
          1.0
        ]
      },
      "qa": {
        "layer_8": [
          0.0,
          0.037069187242798354,
          0.06790123456790123,
          0.09915123456790123,
          0.13117283950617284,
          0.16358024691358025,
          0.19547325102880658,
          0.22775205761316872,
          0.26093106995884774,
          0.2924382716049383,
          0.3248456790123457,
          0.3575102880658436,
          0.38914609053497945,
          0.4212962962962963,
          0.4537037037037037,
          0.4861111111111111,
          0.5182613168724279,
          0.5504115226337448,
          0.5823045267489712,
          0.6147119341563786,
          0.647119341563786,
          0.6790123456790124,
          0.7109053497942387,
          0.7438271604938271,
          0.7762345679012346,
          0.8081275720164609,
          0.8405349794238683,
          0.8719135802469136,
          0.904320987654321,
          0.9362139917695473,
          0.9686213991769548,
          1.0
        ],
        "layer_9": [
          0.0,
          0.036337881591119336,
          0.06764569842738205,
          0.09904024051803885,
          0.13135985198889916,
          0.16350601295097134,
          0.19576780758556891,
          0.22826086956521738,
          0.26063829787234044,
          0.2930157261794635,
          0.32562442183163737,
          0.35777058279370955,
          0.38991674375578167,
          0.42206290471785385,
          0.4544403330249769,
          0.486586493987049,
          0.5185013876040703,
          0.5508788159111934,
          0.5832562442183163,
          0.6151711378353376,
          0.6470860314523589,
          0.679463459759482,
          0.711840888066605,
          0.7437557816836263,
          0.7761332099907493,
          0.8080481036077706,
          0.8404255319148937,
          0.8723404255319149,
          0.9037927844588344,
          0.9361702127659575,
          0.9685476410730804,
          1.0
        ],
        "layer_10": [
          0.0,
          0.03573323429541596,
          0.06690365025466893,
          0.09868421052631579,
          0.13094227504244482,
          0.16341256366723259,
          0.19535229202037352,
          0.22771646859083192,
          0.2603989813242784,
          0.29223259762309,
          0.32491511035653653,
          0.35717317487266553,
          0.38879456706281834,
          0.4216893039049236,
          0.45373514431239387,
          0.4859932088285229,
          0.5186757215619694,
          0.5505093378607809,
          0.5823429541595926,
          0.615025466893039,
          0.6472835314091681,
          0.6791171477079796,
          0.7113752122241087,
          0.7436332767402377,
          0.7758913412563667,
          0.8081494057724957,
          0.8399830220713073,
          0.8726655348047538,
          0.9049235993208828,
          0.9363327674023769,
          0.9685908319185059,
          1.0
        ],