{
  "model": "meta-llama/Meta-Llama-3.1-8B-Instruct",
  "layer": 10,
  "timestamp": "2026-01-07T00:11:27.870635",
  "alignment": {
    "all": [
      -0.07394038140773773,
      -0.03376570716500282,
      0.023497994989156723,
      -0.036219000816345215,
      0.033819884061813354,
      -0.024172063916921616,
      0.004069657530635595,
      -0.02470717392861843,
      0.0324152335524559,
      0.03042059764266014,
      0.0187738835811615,
      0.0115751838311553,
      0.009951219893991947,
      -0.013215799815952778,
      0.015862513333559036,
      -0.0031248251907527447,
      -0.05655421316623688,
      -0.02181975543498993,
      0.002789637539535761,
      0.020273948088288307,
      -0.028301436454057693,
      0.044055551290512085,
      -0.01708449423313141,
      0.019116247072815895,
      0.002411133609712124,
      0.016367856413125992,
      -0.011232418939471245,
      -0.005329967476427555,
      0.023198403418064117,
      0.04521378129720688,
      -0.059583880007267,
      0.006883933208882809
    ],
    "even_mean": -0.0049942039186134934,
    "odd_mean": 0.0019720503187272698
  },
  "contribution": {
    "all": [
      -0.00923528429120779,
      -0.003638432128354907,
      0.002633450785651803,
      -0.006872737780213356,
      0.004888476803898811,
      -0.003713192418217659,
      0.0006866740877740085,
      -0.00340314581990242,
      0.0045458790846168995,
      0.004255466628819704,
      0.0025275785010308027,
      0.0017593109514564276,
      0.0012758129741996527,
      -0.001341040711849928,
      0.001561829005368054,
      -0.000330840062815696,
      -0.006944655440747738,
      -0.0036901517305523157,
      0.00030525855254381895,
      0.0019579792860895395,
      -0.002927775029093027,
      0.00625363364815712,
      -0.0022888253442943096,
      0.0028111860156059265,
      0.00036606239154934883,
      0.0016954150050878525,
      -0.0012816459638997912,
      -0.0005729185650125146,
      0.0027918722480535507,
      0.004410633817315102,
      -0.0068498291075229645,
      0.0009882700396701694
    ],
    "even_mean": -0.0004965700463799294,
    "odd_mean": 3.5589760955190286e-05
  },
  "residual_alignment": {
    "all": [
      -0.0005716395098716021,
      0.007064143195748329,
      -0.017798811197280884,
      -0.006193722598254681,
      0.019204583019018173,
      -0.015769029036164284,
      -0.009108833968639374,
      0.007585809100419283,
      0.015622081235051155,
      -0.006376174278557301,
      0.010121372528374195,
      -0.00027573108673095703,
      0.0069889710284769535,
      -0.002373441820964217,
      -0.005486150272190571,
      -0.010870990343391895,
      0.00899768341332674,
      0.019229203462600708,
      0.02624913863837719,
      -0.005884192883968353,
      -0.020347129553556442,
      0.029142729938030243,
      -0.002122272038832307,
      0.018246572464704514,
      -0.008471074514091015,
      -0.01642686314880848,
      0.000809643417596817,
      -0.006202929653227329,
      0.0030925145838409662,
      -0.012982426211237907,
      0.023991666734218597,
      0.002688091713935137
    ],
    "even_mean": 0.003198233971488662,
    "odd_mean": 3.75655508833006e-05
  }
}