{
  "model": "meta-llama/Meta-Llama-3.1-8B-Instruct",
  "layer": 10,
  "timestamp": "2026-01-06T23:44:09.784330",
  "prompts": {
    "buggy": "Q: Which is bigger: 9.8 or 9.11?\nA:",
    "correct": "Which is bigger: 9.8 or 9.11?\nAnswer:"
  },
  "output_norms": {
    "buggy": {
      "all": [
        0.319091796875,
        0.36669921875,
        0.35693359375,
        0.368896484375,
        0.367919921875,
        0.3603515625,
        0.315673828125,
        0.313720703125,
        0.3310546875,
        0.363525390625,
        0.35205078125,
        0.332763671875,
        0.33740234375,
        0.3251953125,
        0.339111328125,
        0.326171875,
        0.372314453125,
        0.33837890625,
        0.318359375,
        0.336181640625,
        0.349365234375,
        0.35791015625,
        0.32763671875,
        0.317138671875,
        0.341552734375,
        0.3603515625,
        0.32470703125,
        0.325927734375,
        0.34521484375,
        0.309326171875,
        0.362548828125,
        0.5771484375
      ],
      "even_mean": 0.34130859375,
      "odd_mean": 0.35498046875
    },
    "correct": {
      "all": [
        0.27587890625,
        0.3037109375,
        0.285400390625,
        0.3076171875,
        0.316650390625,
        0.302001953125,
        0.286865234375,
        0.26904296875,
        0.2841796875,
        0.311279296875,
        0.292236328125,
        0.2822265625,
        0.310302734375,
        0.306396484375,
        0.302001953125,
        0.287109375,
        0.308349609375,
        0.29296875,
        0.311279296875,
        0.302978515625,
        0.304443359375,
        0.291015625,
        0.314453125,
        0.308837890625,
        0.29638671875,
        0.319091796875,
        0.287109375,
        0.28466796875,
        0.286376953125,
        0.259521484375,
        0.301025390625,
        0.6416015625
      ],
      "even_mean": 0.297607421875,
      "odd_mean": 0.31689453125
    }
  },
  "output_change": {
    "all": [
      0.189453125,
      0.216064453125,
      0.186767578125,
      0.2177734375,
      0.2083740234375,
      0.2061767578125,
      0.19140625,
      0.205078125,
      0.22216796875,
      0.21875,
      0.19970703125,
      0.2037353515625,
      0.2034912109375,
      0.1822509765625,
      0.203857421875,
      0.1746826171875,
      0.2239990234375,
      0.1923828125,
      0.194091796875,
      0.1865234375,
      0.184814453125,
      0.189208984375,
      0.20263671875,
      0.2093505859375,
      0.2049560546875,
      0.190185546875,
      0.16943359375,
      0.1976318359375,
      0.18896484375,
      0.183837890625,
      0.2142333984375,
      0.2254638671875
    ],
    "even_mean": 0.19921875,
    "odd_mean": 0.199951171875
  },
  "cosine_similarity": {
    "all": [
      0.8069310784339905,
      0.8082079887390137,
      0.8538506031036377,
      0.8076760768890381,
      0.8249458074569702,
      0.8201947212219238,
      0.8021666407585144,
      0.7626398801803589,
      0.7492594718933105,
      0.8003708124160767,
      0.8236753344535828,
      0.7927463054656982,
      0.8057572245597839,
      0.8350076079368591,
      0.8037133812904358,
      0.8451782464981079,
      0.7994782328605652,
      0.8238421082496643,
      0.8101365566253662,
      0.8345856666564941,
      0.8490385413169861,
      0.8496345281600952,
      0.8015510439872742,
      0.7765988707542419,
      0.8026050329208374,
      0.8499555587768555,
      0.8534477949142456,
      0.798725426197052,
      0.8368026614189148,
      0.8048810958862305,
      0.8070955276489258,
      0.9370404481887817
    ],
    "even_mean": 0.8144034333527088,
    "odd_mean": 0.8217053338885307
  }
}