{
  "model": "meta-llama/Meta-Llama-3.1-8B-Instruct",
  "layer": 10,
  "timestamp": "2026-01-06T23:47:18.154402",
  "weight_norms": {
    "all": [
      7.09375,
      5.69921875,
      7.26953125,
      9.5859375,
      7.7734375,
      8.3984375,
      9.796875,
      7.41015625,
      7.21875,
      7.44921875,
      7.87890625,
      8.546875,
      7.3984375,
      6.25,
      5.54296875,
      6.63671875,
      6.28515625,
      10.0625,
      6.44140625,
      5.97265625,
      6.12890625,
      8.1484375,
      7.4296875,
      7.91015625,
      8.453125,
      6.31640625,
      7.50390625,
      6.375,
      7.41015625,
      5.85546875,
      6.203125,
      6.4296875
    ],
    "even_mean": 7.2392578125,
    "odd_mean": 7.3154296875,
    "diff": -0.076171875
  },
  "spectral_norms": {
    "all": [
      1.2873167991638184,
      0.7777907252311707,
      1.008150577545166,
      1.3034791946411133,
      1.177957534790039,
      1.1336033344268799,
      1.825589895248413,
      1.4272336959838867,
      1.085758090019226,
      0.9561049938201904,
      2.130929946899414,
      1.0742672681808472,
      1.0931884050369263,
      0.9278092980384827,
      0.8709659576416016,
      1.0500319004058838,
      0.7330362200737,
      1.3241114616394043,
      0.7575302124023438,
      0.759884238243103,
      0.7602618336677551,
      1.1095150709152222,
      0.8975943326950073,
      1.1012954711914062,
      1.0463676452636719,
      0.8019036650657654,
      0.9687278866767883,
      0.8873898386955261,
      1.2108713388442993,
      1.00729501247406,
      1.0756440162658691,
      1.2442491054534912
    ],
    "even_mean": 1.1206181682646275,
    "odd_mean": 1.055372767150402,
    "diff": 0.06524540111422539
  },
  "effective_ranks": {
    "all": [
      125.47692108154297,
      125.9700698852539,
      125.89380645751953,
      124.942626953125,
      125.07466125488281,
      124.95645141601562,
      122.5488052368164,
      123.7944564819336,
      124.16412353515625,
      125.46064758300781,
      125.05194091796875,
      125.96202087402344,
      124.79192352294922,
      124.0217514038086,
      124.32200622558594,
      123.19739532470703,
      126.73577880859375,
      125.77313995361328,
      126.70024871826172,
      126.61425018310547,
      126.60126495361328,
      125.42667388916016,
      126.26883697509766,
      125.17179107666016,
      126.09711456298828,
      125.93661499023438,
      125.57269287109375,
      125.479736328125,
      122.2734146118164,
      123.5063705444336,
      122.79524230957031,
      123.97758483886719
    ],
    "even_mean": 125.02304887771606,
    "odd_mean": 125.01197385787964,
    "diff": 0.011075019836425781
  },
  "pair_similarities": {
    "all": [
      -0.6571866869926453,
      -0.7904005646705627,
      -0.18458640575408936,
      -0.7274647355079651,
      -0.07728658616542816,
      -0.2238622009754181,
      0.005687965080142021,
      -0.14658357203006744,
      -0.37292325496673584,
      0.0502752885222435,
      -0.1854432225227356,
      -0.13154719769954681,
      -0.3128214478492737,
      -0.0009618127951398492,
      -0.3881276249885559,
      -0.09288179874420166
    ],
    "mean": -0.26475711612874875,
    "std": 0.25327742496705913
  },
  "within_group_similarity": {
    "even_mean": -0.008235207477991936,
    "odd_mean": -0.010186513749492103
  },
  "cross_group_similarity": {
    "mean": -0.022281781823892288,
    "std": 0.12143178368339871
  }
}