{
  "statistics": {
    "8": {
      "overlap_pct": {
        "mean": 61.77734375,
        "std": 1.909339943588436,
        "min": 59.1796875,
        "max": 64.6484375,
        "ci_95": 1.1834211576582654
      },
      "unique_wrong_features": {
        "mean": 195.7,
        "std": 9.775820511172792
      },
      "amplification": {
        "mean": 1.01640625,
        "std": 0.005801215992173299
      },
      "max_feature_diff": {
        "mean": 0.126531982421875,
        "std": 0.015954865622932017
      },
      "consistency": {
        "mean": 0.9736328125,
        "std": 0.010075382513373803
      },
      "n_samples": 10
    },
    "12": {
      "overlap_pct": {
        "mean": 66.38671875,
        "std": 1.3388367561402001,
        "min": 64.6484375,
        "max": 68.359375,
        "ci_95": 0.8298196186526732
      },
      "unique_wrong_features": {
        "mean": 172.1,
        "std": 6.8548441914378255
      },
      "amplification": {
        "mean": 1.02939453125,
        "std": 0.00850662611454433
      },
      "max_feature_diff": {
        "mean": 0.1591552734375,
        "std": 0.01619515218582299
      },
      "consistency": {
        "mean": 0.954833984375,
        "std": 0.016157199591500818
      },
      "n_samples": 10
    },
    "16": {
      "overlap_pct": {
        "mean": 67.79296875,
        "std": 1.0104787486297233,
        "min": 66.2109375,
        "max": 69.140625,
        "ci_95": 0.6263012170818679
      },
      "unique_wrong_features": {
        "mean": 164.9,
        "std": 5.173651192984184
      },
      "amplification": {
        "mean": 1.09599609375,
        "std": 0.009535593734985212
      },
      "max_feature_diff": {
        "mean": 0.422021484375,
        "std": 0.024228953191374927
      },
      "consistency": {
        "mean": 0.9599609375,
        "std": 0.01622877250587752
      },
      "n_samples": 10
    },
    "20": {
      "overlap_pct": {
        "mean": 61.15234375,
        "std": 2.4644313547199355,
        "min": 58.203125,
        "max": 65.234375,
        "ci_95": 1.5274703787376718
      },
      "unique_wrong_features": {
        "mean": 198.9,
        "std": 12.617888536166069
      },
      "amplification": {
        "mean": 1.16279296875,
        "std": 0.013182990919859534
      },
      "max_feature_diff": {
        "mean": 0.5546875,
        "std": 0.07234622710316944
      },
      "consistency": {
        "mean": 0.969580078125,
        "std": 0.01207732741954993
      },
      "n_samples": 10
    },
    "24": {
      "overlap_pct": {
        "mean": 58.92578125,
        "std": 1.9026685746808678,
        "min": 55.859375,
        "max": 62.6953125,
        "ci_95": 1.179286200369873
      },
      "unique_wrong_features": {
        "mean": 210.3,
        "std": 9.741663102366044
      },
      "amplification": {
        "mean": 1.19541015625,
        "std": 0.014741817525203519
      },
      "max_feature_diff": {
        "mean": 1.203515625,
        "std": 0.23713972640036418
      },
      "consistency": {
        "mean": 0.968212890625,
        "std": 0.012648170519163043
      },
      "n_samples": 10
    },
    "25": {
      "overlap_pct": {
        "mean": 58.0078125,
        "std": 1.5240494675416179,
        "min": 56.0546875,
        "max": 61.1328125,
        "ci_95": 0.9446156465028808
      },
      "unique_wrong_features": {
        "mean": 215.0,
        "std": 7.803133273813083
      },
      "amplification": {
        "mean": 1.192578125,
        "std": 0.012470464781313452
      },
      "max_feature_diff": {
        "mean": 1.50859375,
        "std": 0.24452695128454427
      },
      "consistency": {
        "mean": 0.968017578125,
        "std": 0.01272917575700584
      },
      "n_samples": 10
    },
    "28": {
      "overlap_pct": {
        "mean": 57.3828125,
        "std": 0.8016012485219471,
        "min": 56.25,
        "max": 58.984375,
        "ci_95": 0.49683760123055076
      },
      "unique_wrong_features": {
        "mean": 218.2,
        "std": 4.104198392432369
      },
      "amplification": {
        "mean": 1.15849609375,
        "std": 0.013295045556719681
      },
      "max_feature_diff": {
        "mean": 2.3234375,
        "std": 0.3890628486165328
      },
      "consistency": {
        "mean": 0.961767578125,
        "std": 0.015521320104966443
      },
      "n_samples": 10
    }
  },
  "significance_tests": {
    "layer_8_overlap_range": {
      "mean": 61.77734375,
      "in_40_60_range": 0.0,
      "std": 1.909339943588436,
      "cv": 3.090679896039454
    },
    "layer_25_overlap_range": {
      "mean": 58.0078125,
      "in_40_60_range": 1.0,
      "std": 1.5240494675416179,
      "cv": 2.627317600610466
    },
    "layer_8_amplification": {
      "t_statistic": 8.943145356444694,
      "p_value": 8.992089215357512e-06,
      "significant": 1.0,
      "mean": 1.01640625
    },
    "layer_25_amplification": {
      "t_statistic": 48.834226566852344,
      "p_value": 3.174384010820147e-12,
      "significant": 1.0,
      "mean": 1.192578125
    },
    "consistency_across_pairs": {
      "mean": 0.9651436941964286,
      "std": 0.013244291316566657,
      "min": 0.9508231026785714,
      "max": 1.0
    },
    "layer_discrimination": {
      "layer_8_mean_diff": 0.126531982421875,
      "layer_25_mean_diff": 1.50859375,
      "layer_8_stronger": 0.0
    }
  },
  "summary": {
    "n_decimal_pairs": 10,
    "n_layers_tested": 7,
    "total_measurements": 70
  }
}