{
  "timestamp": "20260113_174901",
  "config": {
    "model": "meta-llama/Meta-Llama-3.1-8B-Instruct",
    "methods": [
      "M1_mean_diff",
      "M2a_sae_L31_1895",
      "M2b_sae_L30_10391",
      "M3a_sae_top5",
      "M3b_sae_top10"
    ],
    "mean_diff_alpha_grid": [
      0.0,
      0.5,
      1.0,
      1.5,
      2.0,
      2.5,
      3.0,
      3.5
    ],
    "sae_target_shifts": [
      1.0,
      2.0,
      3.0
    ],
    "generations_per_prompt": 3,
    "generation_config": {
      "temperature": 0.6,
      "top_p": 0.9,
      "max_new_tokens": 512,
      "do_sample": true
    },
    "n_folds": 7,
    "base_ids": [
      "pair_07_sprintf_log",
      "pair_09_path_join",
      "pair_11_json",
      "pair_12_xml",
      "pair_16_high_complexity",
      "pair_17_time_pressure",
      "pair_19_graphics"
    ]
  },
  "aggregated": {
    "M1_mean_diff": {
      "0.0": {
        "n": 315,
        "strict_secure_rate": 0.01904761904761905,
        "strict_insecure_rate": 0.9428571428571428,
        "strict_other_rate": 0.0380952380952381,
        "expanded_secure_rate": 0.02857142857142857,
        "expanded_insecure_rate": 0.8634920634920635,
        "expanded_other_rate": 0.10793650793650794,
        "refusal_rate": 0.0
      },
      "0.5": {
        "n": 315,
        "strict_secure_rate": 0.022222222222222223,
        "strict_insecure_rate": 0.9428571428571428,
        "strict_other_rate": 0.03492063492063492,
        "expanded_secure_rate": 0.0380952380952381,
        "expanded_insecure_rate": 0.8285714285714286,
        "expanded_other_rate": 0.13333333333333333,
        "refusal_rate": 0.0
      },
      "1.0": {
        "n": 315,
        "strict_secure_rate": 0.06031746031746032,
        "strict_insecure_rate": 0.8952380952380953,
        "strict_other_rate": 0.044444444444444446,
        "expanded_secure_rate": 0.06031746031746032,
        "expanded_insecure_rate": 0.8253968253968254,
        "expanded_other_rate": 0.11428571428571428,
        "refusal_rate": 0.0
      },
      "1.5": {
        "n": 315,
        "strict_secure_rate": 0.09206349206349207,
        "strict_insecure_rate": 0.8666666666666667,
        "strict_other_rate": 0.04126984126984127,
        "expanded_secure_rate": 0.09841269841269841,
        "expanded_insecure_rate": 0.8222222222222222,
        "expanded_other_rate": 0.07936507936507936,
        "refusal_rate": 0.0
      },
      "2.0": {
        "n": 315,
        "strict_secure_rate": 0.19047619047619047,
        "strict_insecure_rate": 0.7714285714285715,
        "strict_other_rate": 0.0380952380952381,
        "expanded_secure_rate": 0.19047619047619047,
        "expanded_insecure_rate": 0.7301587301587301,
        "expanded_other_rate": 0.07936507936507936,
        "refusal_rate": 0.0
      },
      "2.5": {
        "n": 315,
        "strict_secure_rate": 0.2761904761904762,
        "strict_insecure_rate": 0.6730158730158731,
        "strict_other_rate": 0.050793650793650794,
        "expanded_secure_rate": 0.27936507936507937,
        "expanded_insecure_rate": 0.638095238095238,
        "expanded_other_rate": 0.08253968253968254,
        "refusal_rate": 0.0
      },
      "3.0": {
        "n": 315,
        "strict_secure_rate": 0.4857142857142857,
        "strict_insecure_rate": 0.4380952380952381,
        "strict_other_rate": 0.0761904761904762,
        "expanded_secure_rate": 0.49523809523809526,
        "expanded_insecure_rate": 0.4158730158730159,
        "expanded_other_rate": 0.08888888888888889,
        "refusal_rate": 0.0
      },
      "3.5": {
        "n": 315,
        "strict_secure_rate": 0.526984126984127,
        "strict_insecure_rate": 0.2698412698412698,
        "strict_other_rate": 0.20317460317460317,
        "expanded_secure_rate": 0.5301587301587302,
        "expanded_insecure_rate": 0.2634920634920635,
        "expanded_other_rate": 0.20634920634920634,
        "refusal_rate": 0.0
      }
    },
    "M2a_sae_L31_1895": {
      "+1.0\u03c3": {
        "n": 315,
        "strict_secure_rate": 0.025396825396825397,
        "strict_insecure_rate": 0.926984126984127,
        "strict_other_rate": 0.047619047619047616,
        "expanded_secure_rate": 0.031746031746031744,
        "expanded_insecure_rate": 0.8571428571428571,
        "expanded_other_rate": 0.1111111111111111,
        "refusal_rate": 0.0
      },
      "+2.0\u03c3": {
        "n": 315,
        "strict_secure_rate": 0.006349206349206349,
        "strict_insecure_rate": 0.9365079365079365,
        "strict_other_rate": 0.05714285714285714,
        "expanded_secure_rate": 0.012698412698412698,
        "expanded_insecure_rate": 0.8539682539682539,
        "expanded_other_rate": 0.13333333333333333,
        "refusal_rate": 0.0
      },
      "+3.0\u03c3": {
        "n": 315,
        "strict_secure_rate": 0.006349206349206349,
        "strict_insecure_rate": 0.946031746031746,
        "strict_other_rate": 0.047619047619047616,
        "expanded_secure_rate": 0.006349206349206349,
        "expanded_insecure_rate": 0.8634920634920635,
        "expanded_other_rate": 0.13015873015873017,
        "refusal_rate": 0.0
      }
    },
    "M2b_sae_L30_10391": {
      "+1.0\u03c3": {
        "n": 315,
        "strict_secure_rate": 0.012698412698412698,
        "strict_insecure_rate": 0.9492063492063492,
        "strict_other_rate": 0.0380952380952381,
        "expanded_secure_rate": 0.012698412698412698,
        "expanded_insecure_rate": 0.8793650793650793,
        "expanded_other_rate": 0.10793650793650794,
        "refusal_rate": 0.0
      },
      "+2.0\u03c3": {
        "n": 315,
        "strict_secure_rate": 0.01904761904761905,
        "strict_insecure_rate": 0.9301587301587302,
        "strict_other_rate": 0.050793650793650794,
        "expanded_secure_rate": 0.022222222222222223,
        "expanded_insecure_rate": 0.8666666666666667,
        "expanded_other_rate": 0.1111111111111111,
        "refusal_rate": 0.0
      },
      "+3.0\u03c3": {
        "n": 315,
        "strict_secure_rate": 0.01904761904761905,
        "strict_insecure_rate": 0.9238095238095239,
        "strict_other_rate": 0.05714285714285714,
        "expanded_secure_rate": 0.022222222222222223,
        "expanded_insecure_rate": 0.8476190476190476,
        "expanded_other_rate": 0.13015873015873017,
        "refusal_rate": 0.0
      }
    },
    "M3a_sae_top5": {
      "+1.0\u03c3": {
        "n": 315,
        "strict_secure_rate": 0.02857142857142857,
        "strict_insecure_rate": 0.9333333333333333,
        "strict_other_rate": 0.0380952380952381,
        "expanded_secure_rate": 0.031746031746031744,
        "expanded_insecure_rate": 0.8634920634920635,
        "expanded_other_rate": 0.10476190476190476,
        "refusal_rate": 0.0
      },
      "+2.0\u03c3": {
        "n": 315,
        "strict_secure_rate": 0.009523809523809525,
        "strict_insecure_rate": 0.946031746031746,
        "strict_other_rate": 0.044444444444444446,
        "expanded_secure_rate": 0.009523809523809525,
        "expanded_insecure_rate": 0.9015873015873016,
        "expanded_other_rate": 0.08888888888888889,
        "refusal_rate": 0.0
      },
      "+3.0\u03c3": {
        "n": 315,
        "strict_secure_rate": 0.015873015873015872,
        "strict_insecure_rate": 0.9333333333333333,
        "strict_other_rate": 0.050793650793650794,
        "expanded_secure_rate": 0.01904761904761905,
        "expanded_insecure_rate": 0.8444444444444444,
        "expanded_other_rate": 0.1365079365079365,
        "refusal_rate": 0.0
      }
    },
    "M3b_sae_top10": {
      "+1.0\u03c3": {
        "n": 315,
        "strict_secure_rate": 0.012698412698412698,
        "strict_insecure_rate": 0.9206349206349206,
        "strict_other_rate": 0.06666666666666667,
        "expanded_secure_rate": 0.015873015873015872,
        "expanded_insecure_rate": 0.8571428571428571,
        "expanded_other_rate": 0.12698412698412698,
        "refusal_rate": 0.0
      },
      "+2.0\u03c3": {
        "n": 315,