{
  "timestamp": "20260107_023353",
  "candidate_heads": [
    "L20H24",
    "L25H13",
    "L17H29",
    "L16H8",
    "L22H14",
    "L24H27",
    "L17H25",
    "L0H11"
  ],
  "ablation": {
    "baseline_secure": 0.37077364325523376,
    "baseline_neutral": 0.03206061199307442,
    "ablations": {
      "L20H24": {
        "layer": 20,
        "head": 24,
        "ablated_prob": 0.3729555904865265,
        "drop": -0.0021819472312927246,
        "drop_pct": -0.5884849883438754
      },
      "L25H13": {
        "layer": 25,
        "head": 13,
        "ablated_prob": 0.3571971654891968,
        "drop": 0.013576477766036987,
        "drop_pct": 3.661662044486584
      },
      "L17H29": {
        "layer": 17,
        "head": 29,
        "ablated_prob": 0.3495008945465088,
        "drop": 0.021272748708724976,
        "drop_pct": 5.737395064535698
      },
      "L16H8": {
        "layer": 16,
        "head": 8,
        "ablated_prob": 0.36319854855537415,
        "drop": 0.007575094699859619,
        "drop_pct": 2.043051019849613
      },
      "L22H14": {
        "layer": 22,
        "head": 14,
        "ablated_prob": 0.37277281284332275,
        "drop": -0.0019991695880889893,
        "drop_pct": -0.5391887002908666
      },
      "L24H27": {
        "layer": 24,
        "head": 27,
        "ablated_prob": 0.37084531784057617,
        "drop": -7.167458534240723e-05,
        "drop_pct": -0.019331089640874974
      },
      "L17H25": {
        "layer": 17,
        "head": 25,
        "ablated_prob": 0.368256539106369,
        "drop": 0.002517104148864746,
        "drop_pct": 0.6788789318371311
      },
      "L0H11": {
        "layer": 0,
        "head": 11,
        "ablated_prob": 0.3774293065071106,
        "drop": -0.006655663251876831,
        "drop_pct": -1.7950745348140063
      }
    },
    "all_ablated": {
      "prob": 0.33888792991638184,
      "drop": 0.03188571333885193,
      "drop_pct": 8.59977884590421
    }
  },
  "path_patching": {
    "baseline_secure": 0.37077364325523376,
    "baseline_neutral": 0.03206061199307442,
    "gap": 0.33871303126215935,
    "patches": {
      "L20H24": {
        "layer": 20,
        "head": 24,
        "patched_prob": 0.03250143304467201,
        "lift": 0.0004408210515975952,
        "lift_pct": 0.1301458789332512
      },
      "L25H13": {
        "layer": 25,
        "head": 13,
        "patched_prob": 0.03304188326001167,
        "lift": 0.0009812712669372559,
        "lift_pct": 0.2897057911473636
      },
      "L17H29": {
        "layer": 17,
        "head": 29,
        "patched_prob": 0.0336892306804657,
        "lift": 0.0016286186873912811,
        "lift_pct": 0.48082551808606144
      },
      "L16H8": {
        "layer": 16,
        "head": 8,
        "patched_prob": 0.03266366943717003,
        "lift": 0.0006030574440956116,
        "lift_pct": 0.17804376815631082
      },
      "L22H14": {
        "layer": 22,
        "head": 14,
        "patched_prob": 0.031489625573158264,
        "lift": -0.000570986419916153,
        "lift_pct": -0.1685752738205744
      },
      "L24H27": {
        "layer": 24,
        "head": 27,
        "patched_prob": 0.0318245105445385,
        "lift": -0.0002361014485359192,
        "lift_pct": -0.06970545173775136
      },
      "L17H25": {
        "layer": 17,
        "head": 25,
        "patched_prob": 0.03385278955101967,
        "lift": 0.0017921775579452515,
        "lift_pct": 0.5291138493452677
      },
      "L0H11": {
        "layer": 0,
        "head": 11,
        "patched_prob": 0.03210444748401642,
        "lift": 4.383549094200134e-05,
        "lift_pct": 0.012941778702359182
      }
    },
    "all_patched": {
      "prob": 0.03686201944947243,
      "lift": 0.00480140745639801,
      "lift_pct": 1.4175443556175982
    }
  },
  "output_analysis": {
    "heads": {
      "L20H24": {
        "layer": 20,
        "head": 24,
        "secure_norm": 0.33251953125,
        "neutral_norm": 0.302734375,
        "diff_norm": 0.295654296875,
        "cosine_similarity": 0.57080078125,
        "norm_ratio": 1.0986328125
      },
      "L25H13": {
        "layer": 25,
        "head": 13,
        "secure_norm": 0.828125,
        "neutral_norm": 0.60888671875,
        "diff_norm": 0.5517578125,
        "cosine_similarity": 0.74560546875,
        "norm_ratio": 1.3603515625
      },
      "L17H29": {
        "layer": 17,
        "head": 29,
        "secure_norm": 0.6201171875,
        "neutral_norm": 0.54052734375,
        "diff_norm": 0.343017578125,
        "cosine_similarity": 0.8330078125,
        "norm_ratio": 1.1474609375
      },
      "L16H8": {
        "layer": 16,
        "head": 8,
        "secure_norm": 0.63720703125,
        "neutral_norm": 0.58251953125,
        "diff_norm": 0.2802734375,
        "cosine_similarity": 0.89794921875,
        "norm_ratio": 1.09375
      },
      "L22H14": {
        "layer": 22,
        "head": 14,
        "secure_norm": 0.65185546875,
        "neutral_norm": 0.6396484375,
        "diff_norm": 0.373779296875,
        "cosine_similarity": 0.83251953125,
        "norm_ratio": 1.01953125
      },
      "L24H27": {
        "layer": 24,
        "head": 27,
        "secure_norm": 0.61767578125,
        "neutral_norm": 0.436279296875,
        "diff_norm": 0.407958984375,
        "cosine_similarity": 0.7529296875,
        "norm_ratio": 1.416015625
      },
      "L17H25": {
        "layer": 17,
        "head": 25,
        "secure_norm": 0.6328125,
        "neutral_norm": 0.56005859375,
        "diff_norm": 0.363037109375,
        "cosine_similarity": 0.82080078125,
        "norm_ratio": 1.1298828125
      },
      "L0H11": {
        "layer": 0,
        "head": 11,
        "secure_norm": 0.087890625,
        "neutral_norm": 0.08465576171875,
        "diff_norm": 0.00922393798828125,
        "cosine_similarity": 0.99462890625,
        "norm_ratio": 1.0380859375
      }
    }
  },
  "verdicts": {
    "L20H24": "\ud83d\udfe1 MAYBE",
    "L25H13": "\ud83d\udfe1 MAYBE",
    "L17H29": "\u2705 VERIFIED",
    "L16H8": "\ud83d\udfe1 MAYBE",
    "L22H14": "\ud83d\udfe1 MAYBE",
    "L24H27": "\ud83d\udfe1 MAYBE",
    "L17H25": "\ud83d\udfe1 MAYBE",
    "L0H11": "\u274c NOT CAUSAL"
  }
}