{
  "patterns": {
    "original": {
      "sprintf": {
        "secure": "\\bsnprintf\\s*\\(",
        "insecure": "\\bsprintf\\s*\\("
      },
      "strcat": {
        "secure": "\\bstrncat\\s*\\(",
        "insecure": "\\bstrcat\\s*\\("
      }
    },
    "improved": {
      "sprintf": {
        "secure": "\\bsnprintf\\s*\\(",
        "insecure": "\\bsprintf\\s*\\("
      },
      "strcat": {
        "secure": "\\b(?:strncat|snprintf|strncpy)\\s*\\(",
        "insecure": "\\bstrcat\\s*\\("
      }
    }
  },
  "original_aggregated": {
    "0.0": {
      "n": 105,
      "secure": 0,
      "insecure": 94,
      "other": 11,
      "secure_rate": 0.0,
      "insecure_rate": 0.8952380952380953,
      "other_rate": 0.10476190476190476
    },
    "0.5": {
      "n": 105,
      "secure": 4,
      "insecure": 92,
      "other": 9,
      "secure_rate": 0.0380952380952381,
      "insecure_rate": 0.8761904761904762,
      "other_rate": 0.08571428571428572
    },
    "1.0": {
      "n": 105,
      "secure": 2,
      "insecure": 92,
      "other": 11,
      "secure_rate": 0.01904761904761905,
      "insecure_rate": 0.8761904761904762,
      "other_rate": 0.10476190476190476
    },
    "1.5": {
      "n": 105,
      "secure": 3,
      "insecure": 88,
      "other": 14,
      "secure_rate": 0.02857142857142857,
      "insecure_rate": 0.8380952380952381,
      "other_rate": 0.13333333333333333
    },
    "2.0": {
      "n": 105,
      "secure": 8,
      "insecure": 84,
      "other": 13,
      "secure_rate": 0.0761904761904762,
      "insecure_rate": 0.8,
      "other_rate": 0.12380952380952381
    },
    "2.5": {
      "n": 105,
      "secure": 17,
      "insecure": 69,
      "other": 19,
      "secure_rate": 0.1619047619047619,
      "insecure_rate": 0.6571428571428571,
      "other_rate": 0.18095238095238095
    },
    "3.0": {
      "n": 105,
      "secure": 28,
      "insecure": 51,
      "other": 26,
      "secure_rate": 0.26666666666666666,
      "insecure_rate": 0.4857142857142857,
      "other_rate": 0.24761904761904763
    },
    "3.5": {
      "n": 105,
      "secure": 41,
      "insecure": 18,
      "other": 46,
      "secure_rate": 0.3904761904761905,
      "insecure_rate": 0.17142857142857143,
      "other_rate": 0.4380952380952381
    }
  },
  "improved_aggregated": {
    "0.0": {
      "n": 105,
      "secure": 0,
      "insecure": 71,
      "other": 34,
      "secure_rate": 0.0,
      "insecure_rate": 0.6761904761904762,
      "other_rate": 0.3238095238095238
    },
    "0.5": {
      "n": 105,
      "secure": 3,
      "insecure": 72,
      "other": 30,
      "secure_rate": 0.02857142857142857,
      "insecure_rate": 0.6857142857142857,
      "other_rate": 0.2857142857142857
    },
    "1.0": {
      "n": 105,
      "secure": 3,
      "insecure": 63,
      "other": 39,
      "secure_rate": 0.02857142857142857,
      "insecure_rate": 0.6,
      "other_rate": 0.37142857142857144
    },
    "1.5": {
      "n": 105,
      "secure": 7,
      "insecure": 64,
      "other": 34,
      "secure_rate": 0.06666666666666667,
      "insecure_rate": 0.6095238095238096,
      "other_rate": 0.3238095238095238
    },
    "2.0": {
      "n": 105,
      "secure": 7,
      "insecure": 60,
      "other": 38,
      "secure_rate": 0.06666666666666667,
      "insecure_rate": 0.5714285714285714,
      "other_rate": 0.3619047619047619
    },
    "2.5": {
      "n": 105,
      "secure": 16,
      "insecure": 52,
      "other": 37,
      "secure_rate": 0.1523809523809524,
      "insecure_rate": 0.49523809523809526,
      "other_rate": 0.3523809523809524
    },
    "3.0": {
      "n": 105,
      "secure": 19,
      "insecure": 33,
      "other": 53,
      "secure_rate": 0.18095238095238095,
      "insecure_rate": 0.3142857142857143,
      "other_rate": 0.5047619047619047
    },
    "3.5": {
      "n": 105,
      "secure": 35,
      "insecure": 11,
      "other": 59,
      "secure_rate": 0.3333333333333333,
      "insecure_rate": 0.10476190476190476,
      "other_rate": 0.5619047619047619
    }
  },
  "changes_summary": {
    "insecure->other": 160,
    "secure->other": 32,
    "other->secure": 17,
    "insecure->secure": 2
  }
}