{
  "format_stats": {
    "('begin_attention', 'mean')": {
      "compare": 0.704,
      "direct": 0.652,
      "qa": 0.639,
      "question": 0.561,
      "simple": 0.73
    },
    "('begin_attention', 'std')": {
      "compare": 0.008,
      "direct": 0.008,
      "qa": 0.011,
      "question": 0.007,
      "simple": 0.006
    },
    "('format_attention', 'mean')": {
      "compare": 0.078,
      "direct": 0.066,
      "qa": 0.227,
      "question": 0.252,
      "simple": 0.137
    },
    "('format_attention', 'std')": {
      "compare": 0.003,
      "direct": 0.002,
      "qa": 0.006,
      "question": 0.005,
      "simple": 0.004
    },
    "('number_attention', 'mean')": {
      "compare": 0.019,
      "direct": 0.07,
      "qa": 0.053,
      "question": 0.08,
      "simple": 0.057
    },
    "('number_attention', 'std')": {
      "compare": 0.003,
      "direct": 0.007,
      "qa": 0.004,
      "question": 0.006,
      "simple": 0.003
    },
    "('is_correct', 'mean')": {
      "compare": 0.5,
      "direct": 0.292,
      "qa": 0.792,
      "question": 0.958,
      "simple": 0.875
    }
  },
  "correlations": {
    "begin_correctness": {
      "r": -0.14571322574970377,
      "p": 0.11228885545656883
    },
    "format_correctness": {
      "r": 0.4548047398794354,
      "p": 1.8045810527730426e-07
    }
  },
  "logistic_regression": {
    "coefficient": -0.4402052031916654,
    "intercept": 1.058518991594347,
    "roc_auc": 0.5725288831835686
  },
  "format_comparison": {
    "simple_begin_mean": 0.72979736328125,
    "qa_begin_mean": 0.6386922200520834,
    "t_statistic": 34.78856462024425,
    "p_value": 1.0982080312443578e-34
  }
}