{
  "timestamp": "20260112_153536",
  "n_layers": 32,
  "layer_stats": {
    "0": {
      "norm": 0.039947509765625,
      "n_secure": 105,
      "n_vulnerable": 105
    },
    "1": {
      "norm": 0.0799560546875,
      "n_secure": 105,
      "n_vulnerable": 105
    },
    "2": {
      "norm": 0.1055908203125,
      "n_secure": 105,
      "n_vulnerable": 105
    },
    "3": {
      "norm": 0.1939697265625,
      "n_secure": 105,
      "n_vulnerable": 105
    },
    "4": {
      "norm": 0.273681640625,
      "n_secure": 105,
      "n_vulnerable": 105
    },
    "5": {
      "norm": 0.310302734375,
      "n_secure": 105,
      "n_vulnerable": 105
    },
    "6": {
      "norm": 0.40380859375,
      "n_secure": 105,
      "n_vulnerable": 105
    },
    "7": {
      "norm": 0.492431640625,
      "n_secure": 105,
      "n_vulnerable": 105
    },
    "8": {
      "norm": 0.55517578125,
      "n_secure": 105,
      "n_vulnerable": 105
    },
    "9": {
      "norm": 0.61376953125,
      "n_secure": 105,
      "n_vulnerable": 105
    },
    "10": {
      "norm": 0.638671875,
      "n_secure": 105,
      "n_vulnerable": 105
    },
    "11": {
      "norm": 0.65087890625,
      "n_secure": 105,
      "n_vulnerable": 105
    },
    "12": {
      "norm": 0.70556640625,
      "n_secure": 105,
      "n_vulnerable": 105
    },
    "13": {
      "norm": 0.767578125,
      "n_secure": 105,
      "n_vulnerable": 105
    },
    "14": {
      "norm": 0.8369140625,
      "n_secure": 105,
      "n_vulnerable": 105
    },
    "15": {
      "norm": 0.8623046875,
      "n_secure": 105,
      "n_vulnerable": 105
    },
    "16": {
      "norm": 0.984375,
      "n_secure": 105,
      "n_vulnerable": 105
    },
    "17": {
      "norm": 1.0625,
      "n_secure": 105,
      "n_vulnerable": 105
    },
    "18": {
      "norm": 1.1416015625,
      "n_secure": 105,
      "n_vulnerable": 105
    },
    "19": {
      "norm": 1.224609375,
      "n_secure": 105,
      "n_vulnerable": 105
    },
    "20": {
      "norm": 1.365234375,
      "n_secure": 105,
      "n_vulnerable": 105
    },
    "21": {
      "norm": 1.5380859375,
      "n_secure": 105,
      "n_vulnerable": 105
    },
    "22": {
      "norm": 1.70703125,
      "n_secure": 105,
      "n_vulnerable": 105
    },
    "23": {
      "norm": 1.845703125,
      "n_secure": 105,
      "n_vulnerable": 105
    },
    "24": {
      "norm": 2.083984375,
      "n_secure": 105,
      "n_vulnerable": 105
    },
    "25": {
      "norm": 2.462890625,
      "n_secure": 105,
      "n_vulnerable": 105
    },
    "26": {
      "norm": 2.857421875,
      "n_secure": 105,
      "n_vulnerable": 105
    },
    "27": {
      "norm": 3.2265625,
      "n_secure": 105,
      "n_vulnerable": 105
    },
    "28": {
      "norm": 3.73046875,
      "n_secure": 105,
      "n_vulnerable": 105
    },
    "29": {
      "norm": 4.609375,
      "n_secure": 105,
      "n_vulnerable": 105
    },
    "30": {
      "norm": 5.640625,
      "n_secure": 105,
      "n_vulnerable": 105
    },
    "31": {
      "norm": 7.7734375,
      "n_secure": 105,
      "n_vulnerable": 105
    }
  }
}