{
  "probe_projection_comparisons": {
    "0": {
      "A_vs_B": {
        "comparison": "L0: A(baseline) vs B(steered)",
        "group_a": {
          "mean": 0.2659219780027326,
          "std": 0.10748866112273758,
          "ci_95": [
            0.23573784352334262,
            0.2910422937865802
          ],
          "n": 50
        },
        "group_b": {
          "mean": 0.2659219780027326,
          "std": 0.10748866112273758,
          "ci_95": [
            0.2318070866605814,
            0.29054151963743846
          ],
          "n": 50
        },
        "effect_size": {
          "cohens_d": 0.0,
          "interpretation": "negligible"
        },
        "significance": {
          "t_test_statistic": 0.0,
          "t_test_p": 1.0,
          "mann_whitney_u": 1250.0,
          "mann_whitney_p": 1.0,
          "significant_at_05": 