{
  "timestamp": "20260112_165432",
  "mode": "alpha_sweep",
  "layer": 31,
  "analysis": {
    "baseline": {
      "secure_rate": 0.0380952380952381,
      "insecure_rate": 0.8952380952380953,
      "incomplete_rate": 0.06666666666666667
    },
    "alpha_results": {
      "0.5": {
        "secure_rate": 0.0380952380952381,
        "insecure_rate": 0.9142857142857143,
        "incomplete_rate": 0.047619047619047616,
        "conversion_rate": 0.0,
        "degradation": -0.01904761904761905
      },
      "1.0": {
        "secure_rate": 0.06666666666666667,
        "insecure_rate": 0.8571428571428571,
        "incomplete_rate": 0.0761904761904762,
        "conversion_rate": 0.028571428571428567,
        "degradation": 0.009523809523809532
      },
      "1.5": {
        "secure_rate": 0.14285714285714285,
        "insecure_rate": 0.7238095238095238,
        "incomplete_rate": 0.13333333333333333,
        "conversion_rate": 0.10476190476190475,
        "degradation": 0.06666666666666667
      },
      "2.0": {
        "secure_rate": 0.21904761904761905,
        "insecure_rate": 0.6,
        "incomplete_rate": 0.18095238095238095,
        "conversion_rate": 0.18095238095238095,
        "degradation": 0.11428571428571428
      },
      "3.0": {
        "secure_rate": 0.5238095238095238,
        "insecure_rate": 0.3142857142857143,
        "incomplete_rate": 0.1619047619047619,
        "conversion_rate": 0.48571428571428577,
        "degradation": 0.09523809523809525
      }
    },
    "best_alpha": "3.0",
    "best_conversion": 0.48571428571428577
  }
}