{
  "layer_stats": {
    "8": {
      "overlap_percentage": 20.0,
      "num_shared": 4,
      "num_wrong_only": 16,
      "num_correct_only": 16,
      "avg_amplification": 1.9668508287292819
    },
    "10": {
      "overlap_percentage": 80.0,
      "num_shared": 16,
      "num_wrong_only": 4,
      "num_correct_only": 4,
      "avg_amplification": 1.238352127813475
    },
    "13": {
      "overlap_percentage": 40.0,
      "num_shared": 8,
      "num_wrong_only": 12,
      "num_correct_only": 12,
      "avg_amplification": 0.9701228474441083
    },
    "14": {
      "overlap_percentage": 60.0,
      "num_shared": 12,
      "num_wrong_only": 8,
      "num_correct_only": 8,
      "avg_amplification": 0.8617492566177494
    },
    "15": {
      "overlap_percentage": 65.0,
      "num_shared": 13,
      "num_wrong_only": 7,
      "num_correct_only": 7,
      "avg_amplification": 1.079193742252754
    },
    "25": {
      "overlap_percentage": 60.0,
      "num_shared": 12,
      "num_wrong_only": 8,
      "num_correct_only": 8,
      "avg_amplification": 1.132175414929278
    },
    "28": {
      "overlap_percentage": 45.0,
      "num_shared": 9,
      "num_wrong_only": 11,
      "num_correct_only": 11,
      "avg_amplification": 1.1698597013754104
    },
    "29": {
      "overlap_percentage": 55.00000000000001,
      "num_shared": 11,
      "num_wrong_only": 9,
      "num_correct_only": 9,
      "avg_amplification": 0.8844108624418356
    }
  },
  "detailed_comparisons": {
    "8": {
      "shared_features": [
        0,
        1,
        2,
        6560
      ],
      "wrong_only_features": [
        22305,
        3,
        4,
        5,
        6,
        7,
        8,
        9,
        10,
        11
      ],
      "correct_only_features": [
        4066,
        22883,
        31332,
        5285,
        9957,
        3811,
        18149,
        10795,
        17707,
        6189
      ]
    },
    "10": {
      "shared_features": [
        0,
        1,
        2,
        3,
        4,
        5,
        6,
        7,
        8,
        9
      ],
      "wrong_only_features": [
        26237,
        11,
        12,
        13
      ],
      "correct_only_features": [
        21432,
        27100,
        13717,
        4541
      ]
    },
    "13": {
      "shared_features": [
        16610,
        20706,
        18215,
        22441,
        17996,
        22189,
        25523,
        14683
      ],
      "wrong_only_features": [
        30848,
        9633,
        27553,
        24102,
        23047,
        4233,
        2154,
        16618,
        8205,
        5360
      ],
      "correct_only_features": [
        7554,
        30403,
        4936,
        22635,
        12943,
        30193,
        6364,
        19511,
        154,
        30939
      ]
    },
    "14": {
      "shared_features": [
        6688,
        22753,
        13187,
        20260,
        3465,
        26666,
        26770,
        1108,
        18165,
        9878
      ],
      "wrong_only_features": [
        2753,
        31907,
        18340,
        18412,
        30061,
        23249,
        31857,
        988
      ],
      "correct_only_features": [
        26049,
        8996,
        2214,
        13706,
        26064,
        4017,
        21011,
        19640
      ]
    },
    "15": {
      "shared_features": [
        0,
        1,
        2,
        23011,
        30117,
        21200,
        14675,
        1686,
        30710,
        32664
      ],
      "wrong_only_features": [
        14891,
        2092,
        1230,
        32366,
        16632,
        20764,
        32670
      ],
      "correct_only_features": [
        31232,
        3,
        4,
        1350,
        22411,
        2259,
        4567
      ]
    },
    "25": {
      "shared_features": [
        0,
        1,
        2,
        3,
        4,
        5,
        6,
        7,
        8,
        14487
      ],
      "wrong_only_features": [
        11813,
        20139,
        12625,
        15508,
        15958,
        9114,
        20575,
        24415
      ],
      "correct_only_features": [
        10049,
        9,
        10,
        11,
        12,
        13,
        14,
        11664
      ]
    },
    "28": {
      "shared_features": [
        9472,
        0,
        7,
        18119,
        27244,
        30225,
        32275,
        4595,
        23866
      ],
      "wrong_only_features": [
        8068,
        1764,
        13958,
        12262,
        21452,
        10449,
        20849,
        821,
        7769,
        21277
      ],
      "correct_only_features": [
        1,
        2,
        3,
        4,
        5,
        6,
        8,
        9,
        17322,
        9298
      ]
    },
    "29": {
      "shared_features": [
        0,
        1,
        2723,
        7750,
        10607,
        22418,
        6675,
        19091,
        30962,
        20758
      ],
      "wrong_only_features": [
        13056,
        27077,
        32325,
        14542,
        4538,
        1427,
        5174,
        13464,
        7322
      ],
      "correct_only_features": [
        2,
        3,
        4,
        5,
        6,
        7,
        28852,
        18774,
        21943
      ]
    }
  }
}