{
  "timestamp": "2026-01-07T01:38:42.217454",
  "baselines": {
    "secure": 0.37077364325523376,
    "neutral": 0.03206061199307442,
    "gap": 0.33871303126215935
  },
  "single_layer": {
    "0": {
      "prob": 0.03233378008008003,
      "lift": 0.08064882711707268
    },
    "1": {
      "prob": 0.03323863819241524,
      "lift": 0.3477947674322113
    },
    "2": {
      "prob": 0.03369070962071419,
      "lift": 0.4812621532645128
    },
    "3": {
      "prob": 0.03306425362825394,
      "lift": 0.29631031066021035
    },
    "4": {
      "prob": 0.033336009830236435,
      "lift": 0.37654229965981945
    },
    "5": {
      "prob": 0.03341861069202423,
      "lift": 0.40092897928652205
    },
    "6": {
      "prob": 0.03219029679894447,
      "lift": 0.03828751595024457
    },
    "7": {
      "prob": 0.032267384231090546,
      "lift": 0.06104643722906829
    },
    "8": {
      "prob": 0.03227373957633972,
      "lift": 0.06292275867601524
    },
    "9": {
      "prob": 0.03285707160830498,
      "lift": 0.23514289139177266
    },
    "10": {
      "prob": 0.03406917676329613,
      "lift": 0.5929989651526304
    },
    "11": {
      "prob": 0.033554740250110626,
      "lift": 0.4411192127650306
    },
    "12": {
      "prob": 0.0333247184753418,
      "lift": 0.3732086945568322
    },
    "13": {
      "prob": 0.044468652456998825,
      "lift": 3.6632899589625625
    },
    "14": {
      "prob": 0.03476143255829811,
      "lift": 0.7973772237694909
    },
    "15": {
      "prob": 0.03466258943080902,
      "lift": 0.7681952560368746
    },
    "16": {
      "prob": 0.03493300452828407,
      "lift": 0.8480313038167292
    },
    "17": {
      "prob": 0.05014100298285484,
      "lift": 5.3379673413824005
    },
    "18": {
      "prob": 0.034695763140916824,
      "lift": 0.7779893020421866
    },
    "19": {
      "prob": 0.024735668674111366,
      "lift": -2.162580899727369
    },
    "20": {
      "prob": 0.031572405248880386,
      "lift": -0.14413580203123785
    },
    "21": {
      "prob": 0.03656366094946861,
      "lift": 1.3294584325894732
    },
    "22": {
      "prob": 0.029166199266910553,
      "lift": -0.8545324386777513
    },
    "23": {
      "prob": 0.03454825282096863,
      "lift": 0.734439067379374
    },
    "24": {
      "prob": 0.050139620900154114,
      "lift": 5.337559301958708
    },
    "25": {
      "prob": 0.05284454673528671,
      "lift": 6.136148545795337
    },
    "26": {
      "prob": 0.03958527371287346,
      "lift": 2.221544796124202
    },
    "27": {
      "prob": 0.05256977304816246,
      "lift": 6.055025689051281
    },
    "28": {
      "prob": 0.03299275413155556,
      "lift": 0.27520114446369637
    },
    "29": {
      "prob": 0.040214329957962036,
      "lift": 2.4072643247601393
    },
    "30": {
      "prob": 0.04543827846646309,
      "lift": 3.949557660518392
    },
    "31": {
      "prob": 0.04248470067977905,
      "lift": 3.0775576150291455
    }
  },
  "cumulative": {
    "0": 0.08064882711707268,
    "1": 0.4025655363281733,
    "2": 0.7954822050982777,
    "3": 0.8688831082204029,
    "4": 1.2827703637601071,
    "5": 1.4932109223860952,
    "6": 1.4915105748145947,
    "7": 1.3357571974937317,
    "8": 1.4143482301048032,
    "9": 1.5342788255683926,
    "10": 2.175461637491683,
    "11": 2.502988613819358,
    "12": 2.8809892969719395,
    "13": 5.460167999839248,
    "14": 5.392303674773355,
    "15": 6.954197200746169,
    "16": 8.015262478178277,
    "17": 14.327294712808822,
    "18": 15.857977072297777,
    "19": 12.738222021773312,
    "20": 11.843071513132376,
    "21": 13.261772896981034,
    "22": 11.376573568017813,
    "23": 12.571548365644281,
    "24": 20.965741988841565,
    "25": 36.581773679624845,
    "26": 41.69434268296832,
    "27": 62.10143030796077,
    "28": 63.523875536009555,
    "29": 71.07395987313912,
    "30": 85.52906111217446,
    "31": 99.99994720783737
  },
  "threshold_90pct": 31
}