{
  "timestamp": "2026-01-07T01:36:09.194927",
  "baselines": {
    "secure_snprintf": 0.37077364325523376,
    "neutral_snprintf": 0.03206061199307442,
    "gap": 0.33871303126215935
  },
  "layer_results": {
    "0": {
      "patched_snprintf": 0.02734675630927086,
      "patched_sprintf": 0.04651839658617973,
      "lift": -0.004713855683803558,
      "lift_pct": -1.391695992987969
    },
    "1": {
      "patched_snprintf": 0.03158009424805641,
      "patched_sprintf": 0.056297607719898224,
      "lift": -0.00048051774501800537,
      "lift_pct": -0.14186573903797964
    },
    "2": {
      "patched_snprintf": 0.04039471596479416,
      "patched_sprintf": 0.06354980915784836,
      "lift": 0.008334103971719742,
      "lift_pct": 2.460520618490541
    },
    "3": {
      "patched_snprintf": 0.04129903018474579,
      "patched_sprintf": 0.053864091634750366,
      "lift": 0.009238418191671371,
      "lift_pct": 2.7275059826443346
    },
    "4": {
      "patched_snprintf": 0.03898647055029869,
      "patched_sprintf": 0.06789090484380722,
      "lift": 0.006925858557224274,
      "lift_pct": 2.0447570415038894
    },
    "5": {
      "patched_snprintf": 0.038838598877191544,
      "patched_sprintf": 0.06763340532779694,
      "lift": 0.0067779868841171265,
      "lift_pct": 2.0011001226790874
    },
    "6": {
      "patched_snprintf": 0.039069630205631256,
      "patched_sprintf": 0.06645967811346054,
      "lift": 0.007009018212556839,
      "lift_pct": 2.069308696638823
    },
    "7": {
      "patched_snprintf": 0.03705425560474396,
      "patched_sprintf": 0.06205419823527336,
      "lift": 0.00499364361166954,
      "lift_pct": 1.474299229959218
    },
    "8": {
      "patched_snprintf": 0.031227076426148415,
      "patched_sprintf": 0.046150628477334976,
      "lift": -0.0008335355669260025,
      "lift_pct": -0.24608901636289782
    },
    "9": {
      "patched_snprintf": 0.03746974095702171,
      "patched_sprintf": 0.04626895487308502,
      "lift": 0.005409128963947296,
      "lift_pct": 1.5969651193492769
    },
    "10": {
      "patched_snprintf": 0.03560124337673187,
      "patched_sprintf": 0.050996433943510056,
      "lift": 0.0035406313836574554,
      "lift_pct": 1.0453189150898223
    },
    "11": {
      "patched_snprintf": 0.03843466192483902,
      "patched_sprintf": 0.0664091408252716,
      "lift": 0.006374049931764603,
      "lift_pct": 1.881843727125802
    },
    "12": {
      "patched_snprintf": 0.03295927867293358,
      "patched_sprintf": 0.07087358087301254,
      "lift": 0.0008986666798591614,
      "lift_pct": 0.2653180116839394
    },
    "13": {
      "patched_snprintf": 0.06117062643170357,
      "patched_sprintf": 0.07854463160037994,
      "lift": 0.02911001443862915,
      "lift_pct": 8.59430011598768
    },
    "14": {
      "patched_snprintf": 0.04042115807533264,
      "patched_sprintf": 0.06561001390218735,
      "lift": 0.008360546082258224,
      "lift_pct": 2.4683272595400303
    },
    "15": {
      "patched_snprintf": 0.040061526000499725,
      "patched_sprintf": 0.06061115488409996,
      "lift": 0.008000914007425308,
      "lift_pct": 2.3621512221160184
    },
    "16": {
      "patched_snprintf": 0.036739639937877655,
      "patched_sprintf": 0.05429767444729805,
      "lift": 0.004679027944803238,
      "lift_pct": 1.381413619478293
    },
    "17": {
      "patched_snprintf": 0.05924515798687935,
      "patched_sprintf": 0.08420434594154358,
      "lift": 0.02718454599380493,
      "lift_pct": 8.025834108745718
    },
    "18": {
      "patched_snprintf": 0.03651273623108864,
      "patched_sprintf": 0.05481210723519325,
      "lift": 0.004452124238014221,
      "lift_pct": 1.3144236646060237
    },
    "19": {
      "patched_snprintf": 0.02355899289250374,
      "patched_sprintf": 0.032453883439302444,
      "lift": -0.008501619100570679,
      "lift_pct": -2.5099769763480224
    },
    "20": {
      "patched_snprintf": 0.031685613095760345,
      "patched_sprintf": 0.033466681838035583,
      "lift": -0.00037499889731407166,
      "lift_pct": -0.11071286390036394
    },
    "21": {
      "patched_snprintf": 0.036581337451934814,
      "patched_sprintf": 0.05039292946457863,
      "lift": 0.004520725458860397,
      "lift_pct": 1.3346771578331795
    },
    "22": {
      "patched_snprintf": 0.03109355829656124,
      "patched_sprintf": 0.04119226709008217,
      "lift": -0.000967053696513176,
      "lift_pct": -0.2855082642996069
    },
    "23": {
      "patched_snprintf": 0.03561390936374664,
      "patched_sprintf": 0.06348865479230881,
      "lift": 0.003553297370672226,
      "lift_pct": 1.0490583599430578
    },
    "24": {
      "patched_snprintf": 0.0552535206079483,
      "patched_sprintf": 0.04838160425424576,
      "lift": 0.023192908614873886,
      "lift_pct": 6.847362361125954
    },
    "25": {
      "patched_snprintf": 0.054989978671073914,
      "patched_sprintf": 0.037208084017038345,
      "lift": 0.022929366677999496,
      "lift_pct": 6.76955551209734
    },
    "26": {
      "patched_snprintf": 0.042323749512434006,
      "patched_sprintf": 0.050260696560144424,
      "lift": 0.010263137519359589,
      "lift_pct": 3.0300391694750175
    },
    "27": {
      "patched_snprintf": 0.05427100136876106,
      "patched_sprintf": 0.05469665676355362,
      "lift": 0.022210389375686646,
      "lift_pct": 6.557288124676875
    },
    "28": {
      "patched_snprintf": 0.03447824344038963,
      "patched_sprintf": 0.04224362596869469,
      "lift": 0.002417631447315216,
      "lift_pct": 0.713769835871476
    },
    "29": {
      "patched_snprintf": 0.041839517652988434,
      "patched_sprintf": 0.05086392164230347,
      "lift": 0.009778905659914017,
      "lift_pct": 2.8870768932256623
    },
    "30": {
      "patched_snprintf": 0.046612128615379333,
      "patched_sprintf": 0.05407102033495903,
      "lift": 0.014551516622304916,
      "lift_pct": 4.296119510985758
    },
    "31": {
      "patched_snprintf": 0.04248470067977905,
      "patched_sprintf": 0.0622996911406517,
      "lift": 0.010424088686704636,
      "lift_pct": 3.0775576150291455
    }
  }
}